{
  "time": "20260103_155429",
  "runtime_sec": 746.1729276180267,
  "baseline": 0.08247622715719652,
  "best_theta": [
    -0.009378071625916855
  ],
  "best_y": 0.06986426625624892,
  "args": {
    "n": 5,
    "depth": 5,
    "dt": 0.2,
    "Jx": 1.0,
    "Jy": 1.0,
    "Jz": 1.0,
    "gamma": 0.01,
    "traj": 1000,
    "mode": "global",
    "iters": 30,
    "a": 0.15,
    "c": 0.1,
    "alpha": 0.602,
    "gamma_exp": 0.101,
    "max_bond_dim": 256,
    "threshold": 1e-09,
    "parallel": true,
    "no_parallel": false,
    "outdir": "outputs\\2026_1_05_spsa_global"
  }
}