{
  "meta": {
    "time": "2025-12-30T01:40:03.691640",
    "platform": "Windows-11-10.0.26100-SP0",
    "python": "3.13.9",
    "task": "all",
    "workers": 32,
    "blas_threads": 1,
    "chunk": 50,
    "n": 6,
    "depth": 6,
    "seed": 0,
    "yaqs": {
      "max_bond_dim": 256,
      "threshold": 1e-12
    },
    "noise": {
      "kind": "pauli_jump_xyz_after_gate_only",
      "gamma": 0.01,
      "site_definition": "active (step, touched_qubit) only"
    },
    "traj": 2000,
    "time_mode": "prefix",
    "time_fracs": [
      0.0,
      0.25,
      0.5,
      0.75,
      1.0
    ],
    "time_window": "0.25,0.75",
    "space_mode": "both",
    "space_K_list": [
      0,
      1,
      2,
      3,
      4,
      5,
      6
    ],
    "space_random_reps": 5,
    "space_random_seed_base": 20251230,
    "paired_seed_base": 20251220,
    "m_steps": 72
  },
  "time_sweep": {
    "time_fracs": [
      0.0,
      0.25,
      0.5,
      0.75,
      1.0
    ],
    "active_sites": [
      0,
      25,
      51,
      77,
      102
    ],
    "mean_fidelity": [
      1.0000000000000018,
      0.8362976736706871,
      0.6862433574539728,
      0.5486312928787784,
      0.4427744323626888
    ],
    "std_fidelity": [
      0.0,
      0.34537619919521023,
      0.42555456454162577,
      0.45371327939212946,
      0.45155212460872224
    ],
    "error": [
      -1.7763568394002505e-15,
      0.16370232632931292,
      0.3137566425460272,
      0.45136870712122157,
      0.5572255676373112
    ]
  },
  "space_sweep_prefix": {
    "K_list": [
      0,
      1,
      2,
      3,
      4,
      5,
      6
    ],
    "active_sites": [
      0,
      13,
      32,
      51,
      70,
      89,
      102
    ],
    "mean_fidelity": [
      1.0000000000000018,
      0.9103565786934578,
      0.7737424003271043,
      0.6677264299637032,
      0.5711675989744569,
      0.492408051607674,
      0.4427744323626888
    ],
    "std_fidelity": [
      0.0,
      0.2634771846944862,
      0.38495352978351816,
      0.4379546856289859,
      0.45869879872496827,
      0.4581703095322198,
      0.45155212460872224
    ],
    "error": [
      -1.7763568394002505e-15,
      0.08964342130654224,
      0.22625759967289572,
      0.33227357003629676,
      0.4288324010255431,
      0.507591948392326,
      0.5572255676373112
    ]
  },
  "space_sweep_random": {
    "K_list": [
      0,
      1,
      2,
      3,
      4,
      5,
      6
    ],
    "active_sites_mean": [
      0,
      19,
      33,
      51,
      68,
      87,
      102
    ],
    "mean_fidelity_mean_over_masks": [
      1.0000000000000018,
      0.8604460318183408,
      0.768611741040935,
      0.6674964423221755,
      0.5828667350597675,
      0.5067191869902297,
      0.4427744323626889
    ],
    "std_over_masks": [
      0.0,
      0.004160343512064911,
      0.018057367312783682,
      0.0011070709842579706,
      0.015409688831996813,
      0.01430347246925372,
      6.206335383118183e-17
    ],
    "error": [
      -1.7763568394002505e-15,
      0.13955396818165922,
      0.231388258959065,
      0.33250355767782447,
      0.4171332649402325,
      0.49328081300977034,
      0.5572255676373111
    ]
  },
  "spacetime_grid_prefix_prefix": {
    "K_list": [
      0,
      1,
      2,
      3,
      4,
      5,
      6
    ],
    "time_fracs": [
      0.0,
      0.25,
      0.5,
      0.75,
      1.0
    ],
    "error_grid": [
      [
        -1.7763568394002505e-15,
        -1.7763568394002505e-15,
        -1.7763568394002505e-15,
        -1.7763568394002505e-15,
        -1.7763568394002505e-15
      ],
      [
        -1.7763568394002505e-15,
        0.05022423045394131,
        0.07946524048288306,
        0.08964342130654224,
        0.08964342130654224
      ],
      [
        -1.7763568394002505e-15,
        0.10337175940712429,
        0.17884538937379768,
        0.21102737293174545,
        0.22625759967289572
      ],
      [
        -1.7763568394002505e-15,
        0.1366192173205404,
        0.24374828058729325,
        0.30570706899115185,
        0.33227357003629676
      ],
      [
        -1.7763568394002505e-15,
        0.1528823869427829,
        0.2789225381923832,
        0.3790151750754134,
        0.4288324010255431
      ],
      [
        -1.7763568394002505e-15,
        0.16370232632931292,
        0.30435693397066643,
        0.426181919240298,
        0.507591948392326
      ],
      [
        -1.7763568394002505e-15,
        0.16370232632931292,
        0.3137566425460272,
        0.45136870712122157,
        0.5572255676373112
      ]
    ]
  },
  "elapsed_sec": 669.2990746498108,
  "workers_used": 32
}