{
  "script": "2026_1_04_fidelity_phase_sweep_statevector.py",
  "time": "20260103_154153",
  "args": {
    "n": 5,
    "depth": 5,
    "dt": 0.2,
    "Jx": 1.0,
    "Jy": 1.0,
    "Jz": 1.0,
    "hx": 0.0,
    "hy": 0.0,
    "hz": 0.0,
    "shift_mode": "global",
    "delta_min": -6.28318530717959,
    "delta_max": 6.28318530717959,
    "delta_points": 401,
    "linthresh": 0.05,
    "outdir": "outputs\\2026_1_04_fidelity_phase"
  },
  "shifted_gates_count_example": 60,
  "minF": 0.9999999999999941,
  "maxF": 1.00000000000001
}