{
  "time": "2026-01-01T20:27:14.790500",
  "platform": "Windows-11-10.0.26100-SP0",
  "python": "3.13.9",
  "task": "all",
  "n": 6,
  "depth": 6,
  "seed": 0,
  "gamma": 0.01,
  "traj": 2000,
  "chunk": 50,
  "workers": 32,
  "blas_threads": 1,
  "yaqs": {
    "max_bond_dim": 256,
    "threshold": 1e-12,
    "pad": 0
  },
  "S_total": 102,
  "inst_max": 72,
  "grid": {
    "tfracs": [
      0.0,
      0.16666666666666666,
      0.3333333333333333,
      0.5,
      0.6666666666666666,
      0.8333333333333333,
      1.0
    ],
    "inst_cuts": [
      0,
      12,
      24,
      36,
      48,
      59,
      72
    ],
    "ks": [
      0,
      1,
      2,
      3,
      4,
      5,
      6
    ],
    "zone_kind": "prefix"
  }
}