{
  "gamma": 0.01,
  "alphas": [
    1.0,
    0.7,
    0.5,
    0.3,
    0.1,
    0.0
  ],
  "meanF": [
    0.4311963646354027,
    0.4760998841629676,
    0.5112543117792212,
    0.5555915379205911,
    0.5983040578134712,
    0.6307843893874737
  ],
  "meanNoiseOps": [
    1.019,
    0.886,
    0.7915,
    0.6935,
    0.6035,
    0.546
  ],
  "S_protect": 47,
  "S_total": 102,
  "frac_protect": 0.46078431372549017,
  "protect_source": {
    "mode": "topc",
    "top_cells": 5,
    "chosen": [
      [
        0.7266723597400583,
        2,
        5,
        2,
        59,
        32
      ],
      [
        0.7266723597400583,
        2,
        6,
        2,
        72,
        32
      ],
      [
        0.7109887846959392,
        2,
        4,
        2,
        48,
        30
      ],
      [
        0.707731811601803,
        5,
        2,
        5,
        24,
        34
      ],
      [
        0.707731811601803,
        6,
        2,
        6,
        24,
        34
      ]
    ]
  }
}