{
  "mode": "topc",
  "top_cells": 5,
  "chosen": [
    [
      0.7266723597400583,
      2,
      5,
      2,
      59,
      32
    ],
    [
      0.7266723597400583,
      2,
      6,
      2,
      72,
      32
    ],
    [
      0.7109887846959392,
      2,
      4,
      2,
      48,
      30
    ],
    [
      0.707731811601803,
      5,
      2,
      5,
      24,
      34
    ],
    [
      0.707731811601803,
      6,
      2,
      6,
      24,
      34
    ]
  ]
}