{
  "meta": {
    "time": "2025-12-30T02:17:59.394229",
    "platform": "Windows-11-10.0.26100-SP0",
    "python": "3.13.9",
    "task": "all",
    "n": 6,
    "depth": 6,
    "seed": 0,
    "traj": 2000,
    "traj_ref": 10000,
    "chunk": 50,
    "workers": 32,
    "blas_threads": 1,
    "do_yaqs_equicheck": 1,
    "gamma": 0.01,
    "gamma_sweep": {
      "min_exp": -3,
      "max_exp": -1,
      "num": 40
    },
    "batch_list": "10,20,30,40,50,80,100,150,200,300,500,800,1000",
    "notes": {
      "metric_main": "trace_fidelity = |Tr(U U'^\u2020)| / 2^n (global phase insensitive)",
      "yaqs_equicheck": "if available, report pass_rate over trajectories (bool output).",
      "mc_goal": "mentor request: average equivalence metric over many noisy circuits (Monte Carlo)."
    }
  },
  "ref": {
    "mean_trace_fidelity": 0.3662020450667789,
    "std_trace_fidelity": 0.477693136983631,
    "traj": 10000.0,
    "yaqs_pass_rate": 0.3585
  },
  "mc_convergence": {
    "batch_list": [
      10,
      20,
      30,
      40,
      50,
      80,
      100,
      150,
      200,
      300,
      500,
      800,
      1000
    ],
    "mean_trace_fidelity": [
      0.29999999999999993,
      0.4499999999999999,
      0.36666666666666653,
      0.34999999999999987,
      0.3599999999999999,
      0.3634252589084324,
      0.34074020712674596,
      0.37647942847084115,
      0.34260074350395875,
      0.3696305643488588,
      0.38679959429074057,
      0.35602626135624094,
      0.3602056795037245
    ],
    "std_trace_fidelity": [
      0.4582575694955839,
      0.49749371855330987,
      0.48189440982669857,
      0.4769696007084727,
      0.47999999999999987,
      0.4800943339710951,
      0.4732345104768572,
      0.48185360784823233,
      0.46907470711750504,
      0.47829356409771484,
      0.48151367606250034,
      0.4739774484366274,
      0.4751944924567577
    ],
    "abs_mean_minus_ref": [
      0.06620204506677896,
      0.08379795493322101,
      0.00046462159988763796,
      0.016202045066779025,
      0.006202045066779016,
      0.002776786158346478,
      0.025461837940032928,
      0.010277383404062257,
      0.023601301562820143,
      0.0034285192820799337,
      0.020597549223961675,
      0.010175783710537956,
      0.005996365563054384
    ]
  },
  "gamma_sweep": {
    "gammas": [
      0.001,
      0.0011253355826007646,
      0.0012663801734674035,
      0.0014251026703029977,
      0.001603718743751331,
      0.0018047217668271701,
      0.002030917620904735,
      0.0022854638641349907,
      0.0025719138090593446,
      0.0028942661247167516,
      0.0032570206556597828,
      0.003665241237079626,
      0.004124626382901352,
      0.004641588833612777,
      0.0052233450742668434,
      0.0058780160722749115,
      0.006614740641230145,
      0.0074438030132516885,
      0.008376776400682916,
      0.009426684551178854,
      0.010608183551394482,
      0.011937766417144363,
      0.013433993325989001,
      0.015117750706156624,
      0.017012542798525893,
      0.019144819761699575,
      0.021544346900318832,
      0.024244620170823284,
      0.02728333376486768,
      0.0307029062975785,
      0.03455107294592218,
      0.03888155180308087,
      0.043754793750741844,
      0.04923882631706739,
      0.05541020330009492,
      0.062355073412739125,
      0.07017038286703826,
      0.07896522868499725,
      0.08886238162743403,
      0.1
    ],
    "mean_trace_fidelity": [
      0.9046242788451627,
      0.8916242788451627,
      0.8776242788451627,
      0.8647995993194686,
      0.8463979656130357,
      0.8253979656130357,
      0.8113979656130357,
      0.7869571302469458,
      0.7641395463574002,
      0.7365546165827002,
      0.7144838442593793,
      0.6867341584825248,
      0.6556517396110781,
      0.6214190251864259,
      0.5783532596664722,
      0.5386596021420494,
      0.4997796780726722,
      0.46720933229359196,
      0.4241892698847573,
      0.3845649425891845,
      0.33747378763322844,
      0.2927538673304849,
      0.25360770496744306,
      0.21114464926520785,
      0.17872670589728773,
      0.14314144904904424,
      0.1119575550532066,
      0.08507832620512087,
      0.06205267245862054,
      0.05123278490354307,
      0.04303103984212758,
      0.03072521172481272,
      0.020207522977806747,
      0.013332059391010407,
      0.010200827426384906,
      0.008308599588535404,
      0.005919614797238202,
      0.005738112773736123,
      0.005251564340755223,
      0.005774051482073814
    ],
    "std_trace_fidelity": [
      0.29355303781158876,
      0.3106841116928677,
      0.3275577766838254,
      0.3416138201147639,
      0.36015022523670653,
      0.3792306676599321,
      0.3908081912280792,
      0.40902320248434265,
      0.4239797282706677,
      0.4397019795965862,
      0.45066888952658046,
      0.4624678722648787,
      0.4739066826056888,
      0.4834341129102716,
      0.4920994921042052,
      0.49640382832501523,
      0.49742224690317716,
      0.49564865931672264,
      0.49082850464101757,
      0.482736518222039,
      0.46816133235617247,
      0.4491571409378031,
      0.428845203946828,
      0.4004902769511286,
      0.3739414150995413,
      0.3399940122461549,
      0.30289921113243035,
      0.26378722318402753,
      0.2250595093288633,
      0.20208094777670696,
      0.18039592258254716,
      0.1504524947279614,
      0.11501693632766134,
      0.08617880974170829,
      0.06426669035580881,
      0.05103333050365038,
      0.03732060971147685,
      0.022888243515496554,
      0.01876358114709504,
      0.027458976976881964
    ],
    "yaqs_pass_rate": [
      0.9045,
      0.8915,
      0.8775,
      0.8645,
      0.846,
      0.825,
      0.811,
      0.7865,
      0.7635,
      0.7355,
      0.713,
      0.684,
      0.653,
      0.618,
      0.574,
      0.533,
      0.4935,
      0.4605,
      0.4175,
      0.3775,
      0.329,
      0.283,
      0.2445,
      0.2005,
      0.167,
      0.1305,
      0.0985,
      0.0705,
      0.0495,
      0.038,
      0.0275,
      0.018,
      0.0095,
      0.0045,
      0.001,
      0.001,
      0.0005,
      0.0,
      0.0,
      0.0
    ]
  },
  "elapsed_sec": 252.0086441040039,
  "workers_used": 32
}