{
  "time": "20260103_205225",
  "runtime_sec": 702.6002621650696,
  "baseline": 0.00010184044187835418,
  "best_theta": [
    0.0014950704169162043,
    -0.0012705155676361218,
    -0.0005849364172401296
  ],
  "best_y": 6.0646675534399315e-05,
  "args": {
    "model": "heisenberg",
    "n": 5,
    "depth": 5,
    "dt": 0.2,
    "Jx": 1.0,
    "Jy": 1.0,
    "Jz": 1.0,
    "Jzz": 1.0,
    "ising_hx": 0.0,
    "gamma": 0.01,
    "traj": 1000,
    "traj_ref": 10000,
    "mode": "xyz",
    "iters": 25,
    "a": 0.15,
    "c": 0.1,
    "alpha": 0.602,
    "gamma_exp": 0.101,
    "max_bond_dim": 256,
    "threshold": 1e-09,
    "parallel": true,
    "no_parallel": false,
    "outdir": "outputs\\2026_1_05_spsa_heis_xyz"
  }
}