{
  "meta": {
    "time": "2025-12-30T00:27:35.444551",
    "platform": "Windows-11-10.0.26100-SP0",
    "python": "3.13.9",
    "workers": 32,
    "blas_threads": 1,
    "n": 6,
    "depth": 6,
    "seed": 0,
    "use_transpile": 1,
    "opt_level": 1,
    "seed_transpiler": 123,
    "yaqs": {
      "max_bond_dim": 256,
      "threshold": 1e-12
    },
    "noise_kind": "depolarizing_xyz",
    "seed_base_paired": 20251220
  },
  "error_vs_gamma": {
    "gammas": [
      0.001,
      0.0010811807510766078,
      0.0011689518164985776,
      0.0012638482029342984,
      0.0013664483492953259,
      0.0014773776525985112,
      0.001597312280060254,
      0.0017269832906594343,
      0.0018671810912919207,
      0.002018760254679039,
      0.0021826447283974874,
      0.0023598334667821936,
      0.0025514065200312875,
      0.002758531617629184,
      0.002982471286216891,
      0.0032245905452963947,
      0.0034863652276780842,
      0.0037693909753883635,
      0.004075392965871778,
      0.004406236427773573,
      0.004763938010401341,
      0.005150678076168122,
      0.005568813990945267,
      0.006020894493336131,
      0.00650967523045817,
      0.007038135554931555,
      0.007609496685459876,
      0.008227241341700473,
      0.008895134973108237,
      0.009617248711152965,
      0.0103979841848149,
      0.011242100350620869,
      0.012154742500762865,
      0.013141473626117561,
      0.014208308325339224,
      0.015361749466718281,
      0.016608827826277157,
      0.0179571449437164,
      0.019414919457438805,
      0.020991037201085545,
      0.022695105366946685,
      0.02453751106639818,
      0.02652948464431896,
      0.028683168133420103,
      0.031011689265747787,
      0.033529241492495566,
      0.036251170499885334,
      0.03919406774847219,
      0.04237587160604064,
      0.04581597669054491,
      0.0495353520895917,
      0.05355666917706899,
      0.05790443980602486,
      0.06260516572014821,
      0.06768750009458535,
      0.07318242219076174,
      0.07912342618981323,
      0.0855467253556568,
      0.09249147277217336,
      0.1
    ],
    "mean_fidelity": [
      0.922361757570398,
      0.9151977085777392,
      0.9090203391531319,
      0.9025498146545878,
      0.8959691731038318,
      0.8876524804435155,
      0.872674308516175,
      0.8628445987775579,
      0.8542658443811038,
      0.8418982669950226,
      0.8318841135372943,
      0.8167918545686444,
      0.7998364298699913,
      0.7838767860743103,
      0.7667070507380865,
      0.7522716001769386,
      0.7380507784433215,
      0.7207668701323627,
      0.7033754407241974,
      0.6808277627291336,
      0.6640170240115121,
      0.6442856974484742,
      0.6229642261453968,
      0.6012934005895898,
      0.5778512306086068,
      0.5554461210295826,
      0.5325555905331462,
      0.5051732055610818,
      0.4840023476127265,
      0.45617165941384064,
      0.4318260555441017,
      0.40281739611982126,
      0.36804449514102566,
      0.34058324201396767,
      0.3128281954800565,
      0.28653786736438885,
      0.2656605322806582,
      0.24898724951296058,
      0.21986837296647926,
      0.194987301889999,
      0.17782735288204907,
      0.1607875628909009,
      0.14337931018126598,
      0.12392112418565064,
      0.10860577780215146,
      0.09800832682234814,
      0.08512156832351382,
      0.07219928749646223,
      0.06260140911329695,
      0.05394157292043238,
      0.0469607967346312,
      0.03997802733996647,
      0.03371233066723663,
      0.0302615620954765,
      0.02709118100524282,
      0.02543691831241391,
      0.0234651658905009,
      0.02293707967608983,
      0.020619682609337688,
      0.01866291266215158
    ],
    "error_1_minus_fidelity": [
      0.07763824242960204,
      0.08480229142226081,
      0.09097966084686815,
      0.09745018534541217,
      0.10403082689616816,
      0.11234751955648448,
      0.127325691483825,
      0.13715540122244207,
      0.14573415561889624,
      0.15810173300497743,
      0.1681158864627057,
      0.18320814543135555,
      0.20016357013000874,
      0.21612321392568967,
      0.23329294926191346,
      0.24772839982306138,
      0.26194922155667855,
      0.27923312986763726,
      0.29662455927580256,
      0.3191722372708664,
      0.3359829759884879,
      0.3557143025515258,
      0.3770357738546032,
      0.3987065994104102,
      0.42214876939139323,
      0.4445538789704174,
      0.46744440946685384,
      0.4948267944389182,
      0.5159976523872736,
      0.5438283405861594,
      0.5681739444558983,
      0.5971826038801787,
      0.6319555048589743,
      0.6594167579860324,
      0.6871718045199435,
      0.7134621326356112,
      0.7343394677193418,
      0.7510127504870394,
      0.7801316270335208,
      0.805012698110001,
      0.8221726471179509,
      0.8392124371090991,
      0.8566206898187341,
      0.8760788758143494,
      0.8913942221978486,
      0.9019916731776518,
      0.9148784316764862,
      0.9278007125035378,
      0.9373985908867031,
      0.9460584270795677,
      0.9530392032653688,
      0.9600219726600335,
      0.9662876693327633,
      0.9697384379045235,
      0.9729088189947572,
      0.9745630816875861,
      0.9765348341094992,
      0.9770629203239102,
      0.9793803173906623,
      0.9813370873378484
    ]
  },
  "angle_shift": {
    "deltas": [
      1e-06,
      1.3038372594102484e-06,
      1.699991599026431e-06,
      2.2165123874950675e-06,
      2.8899714367604357e-06,
      3.7680524378796244e-06,
      4.9129271639190845e-06,
      6.405657489086423e-06,
      8.351934905291176e-06,
      1.088956391768764e-05,
      1.4198219174610608e-05,
      1.8512167177130336e-05,
      2.4136853317973974e-05,
      3.147052868089441e-05,
      4.103244786748899e-05,
      5.349963437444073e-05,
      6.975481666222112e-05,
      9.094892898753472e-05,
      0.00011858260231740483,
      0.00015461241521926047,
      0.00020158942773028016,
      0.0002628398069779288,
      0.00034270033359402175,
      0.00044682546375220724,
      0.0005825876880933918,
      0.0007595995346098406,
      0.0009903941754549957,
      0.0012913128274611141,
      0.0016836617779981999,
      0.002195220958398959,
      0.0028622108781988405,
      0.0037318571872849765,
      0.004865734447580087,
      0.006344125867150867,
      0.008271707683979652,
      0.010784960677322722,
      0.014061833572367783,
      0.018334342547279035,
      0.023904998939933007,
      0.031168228304047148,
      0.04063829737262185,
      0.05298572627341797,
      0.06908476413219489,
      0.09007528953312441,
      0.1174435186454538,
      0.1531272354861849,
      0.19965299505737505,
      0.26031501390865575,
      0.3394084143180031,
      0.4425333367451633,
      0.5769914529794863,
      0.7523029547559121,
      0.9808806227751806,
      1.2789087030078092,
      1.6674888183656174,
      2.1741340510350646,
      2.8347169826920595,
      3.6960096219169034,
      4.818995056194044,
      6.283185307179586
    ],