{
  "meta": {
    "time": "2025-12-30T01:37:15.203070",
    "platform": "Windows-11-10.0.26100-SP0",
    "python": "3.13.9",
    "task": "grid",
    "workers": 32,
    "blas_threads": 1,
    "chunk": 50,
    "n": 5,
    "depth": 4,
    "seed": 0,
    "yaqs": {
      "max_bond_dim": 256,
      "threshold": 1e-12
    },
    "noise": {
      "kind": "pauli_jump_xyz_after_gate_only",
      "gamma": 0.01,
      "site_definition": "active (step, touched_qubit) only"
    },
    "traj": 500,
    "time_mode": "prefix",
    "time_fracs": [
      0.0,
      0.5,
      1.0
    ],
    "time_window": "0.25,0.75",
    "space_mode": "both",
    "space_K_list": [
      0,
      2,
      5
    ],
    "space_random_reps": 5,
    "space_random_seed_base": 20251230,
    "paired_seed_base": 20251220,
    "m_steps": 41
  },
  "spacetime_grid_prefix_prefix": {
    "K_list": [
      0,
      2,
      5
    ],
    "time_fracs": [
      0.0,
      0.5,
      1.0
    ],
    "error_grid": [
      [
        -6.661338147750939e-16,
        -6.661338147750939e-16,
        -6.661338147750939e-16
      ],
      [
        -6.661338147750939e-16,
        0.08860413243442311,
        0.14090361977964616
      ],
      [
        -6.661338147750939e-16,
        0.17498547985029445,
        0.33285936916017
      ]
    ]
  },
  "elapsed_sec": 16.700560569763184,
  "workers_used": 32
}