{
  "meta": {
    "time": "2025-12-30T01:05:11.446238",
    "platform": "Windows-11-10.0.26100-SP0",
    "python": "3.13.9",
    "workers": 32,
    "blas_threads": 1,
    "n": 5,
    "depth": 4,
    "seed": 0,
    "use_transpile": 1,
    "opt_level": 1,
    "seed_transpiler": 123,
    "yaqs": {
      "max_bond_dim": 256,
      "threshold": 1e-12
    },
    "noise_kind": "depolarizing_xyz",
    "seed_base_paired": 20251220
  },
  "error_vs_gamma": {
    "gammas": [
      0.001,
      0.0011721022975334804,
      0.0013738237958832624,
      0.0016102620275609393,
      0.0018873918221350976,
      0.00221221629107045,
      0.002592943797404667,
      0.0030391953823131978,
      0.003562247890262444,
      0.0041753189365604,
      0.004893900918477494,
      0.005736152510448681,
      0.006723357536499335,
      0.007880462815669913,
      0.009236708571873866,
      0.010826367338740546,
      0.01268961003167922,
      0.01487352107293511,
      0.017433288221999882,
      0.020433597178569417,
      0.02395026619987486,
      0.02807216203941177,
      0.03290344562312668,
      0.03856620421163472,
      0.04520353656360243,
      0.05298316906283707,
      0.06210169418915616,
      0.0727895384398315,
      0.08531678524172806,
      0.1
    ],
    "mean_fidelity": [
      0.9463030880746235,
      0.9397721397481844,
      0.9314585781023127,
      0.9135152007884713,
      0.904650212215948,
      0.8955949106248252,
      0.8871086551494453,
      0.8697403294407304,
      0.8546817300144608,
      0.8322210399628411,
      0.8122777963966923,
      0.7767914236842876,
      0.7543001536902151,
      0.7317196348481113,
      0.6909930294060426,
      0.6411573388457336,
      0.5914862146101729,
      0.534011091246841,
      0.49550311061040125,
      0.43424288292224106,
      0.3799890860027756,
      0.3369914794003529,
      0.2879500466565838,
      0.2413574078324623,
      0.2084945058033175,
      0.16373611513416655,
      0.12534373575699312,
      0.10272428240975111,
      0.07410018497123182,
      0.05966993206184692
    ],
    "error_1_minus_fidelity": [
      0.05369691192537651,
      0.06022786025181559,
      0.0685414218976873,
      0.08648479921152874,
      0.09534978778405201,
      0.10440508937517479,
      0.11289134485055474,
      0.13025967055926957,
      0.1453182699855392,
      0.16777896003715886,
      0.1877222036033077,
      0.22320857631571245,
      0.24569984630978492,
      0.2682803651518887,
      0.30900697059395743,
      0.35884266115426644,
      0.4085137853898271,
      0.465988908753159,
      0.5044968893895987,
      0.5657571170777589,
      0.6200109139972244,
      0.6630085205996471,
      0.7120499533434161,
      0.7586425921675377,
      0.7915054941966825,
      0.8362638848658335,
      0.8746562642430069,
      0.8972757175902489,
      0.9258998150287682,
      0.9403300679381531
    ]
  },
  "elapsed_sec": 57.964438676834106
}