{
  "A": {
    "t0": 0.0,
    "t1": 0.5,
    "k": 6,
    "S": 51
  },
  "B": {
    "t0": 0.5,
    "t1": 1.0,
    "k": 6,
    "S": 51
  },
  "U": {
    "S": 102
  },
  "temporal_rel": "disjoint",
  "spatial_rel": "overlap",
  "gammas": [
    0.001,
    0.001211527658628589,
    0.0014677992676220691,
    0.0017782794100389228,
    0.0021544346900318843,
    0.0026101572156825357,
    0.0031622776601683794,
    0.003831186849557285,
    0.004641588833612777,
    0.005623413251903491,
    0.006812920690579608,
    0.008254041852680182,
    0.01,
    0.012115276586285882,
    0.01467799267622069,
    0.01778279410038923,
    0.021544346900318832,
    0.026101572156825358,
    0.03162277660168379,
    0.03831186849557287,
    0.046415888336127774,
    0.05623413251903491,
    0.06812920690579612,
    0.08254041852680181,
    0.1
  ],
  "errA": [
    0.04097031427468356,
    0.04771398004364569,
    0.05686385911922487,
    0.07312292921571262,
    0.08212358239121942,
    0.09859442176219069,
    0.11764189814382042,
    0.13885895441686436,
    0.1643522047459579,
    0.20092966623265685,
    0.2341246953175199,
    0.27588933572955654,
    0.3140363650246424,
    0.37440045087985674,
    0.41857368049176547,
    0.4771602771340212,
    0.5471370534626134,
    0.6130805113712152,
    0.6768124209214645,
    0.733614473574328,
    0.7913530560435389,
    0.8452576068019254,
    0.8915452515057122,
    0.9187764034334555,
    0.9354278731900272
  ],
  "errB": [
    0.048156972859409786,
    0.0565630688959774,
    0.06686963312627703,
    0.08401428207878026,
    0.09304550908211673,
    0.11178992891671047,
    0.13283456854369824,
    0.155536295627551,
    0.1833635207094081,
    0.2228515929558863,
    0.2611918998388485,
    0.3066752779420526,
    0.35236287929533494,
    0.41946621685539187,
    0.4706466980550862,
    0.5356105092187826,
    0.6078804418841776,
    0.6792987233077056,
    0.7416246982913239,
    0.7948237272173315,
    0.8452427902272641,
    0.8877521827840299,
    0.9200181074189517,
    0.9426188003454242,
    0.9566328039191216
  ],
  "errU": [
    0.07918705090505851,
    0.09486792006854372,
    0.1160227591844375,
    0.14627783753219825,
    0.17123113753924657,
    0.20470507505384017,
    0.24210176474659117,
    0.2782860897834514,
    0.3299073175285082,
    0.3889884186782444,
    0.4455054534455002,
    0.5038105340131919,
    0.5688036353645973,
    0.6400095259409951,
    0.6994786887394889,
    0.7605725823565141,
    0.8227412824716658,
    0.87603182872307,
    0.9052997872640705,
    0.9293155492898909,
    0.9520361339687158,
    0.9683554614871653,
    0.9742730031116074,
    0.9799119354351111,
    0.9814782614441797
  ],
  "synergy": [
    -0.009940236229034838,
    -0.009409128871079364,
    -0.007710733061064401,
    -0.010859373762294622,
    -0.0039379539340895775,
    -0.005679275625060987,
    -0.008374701940927487,
    -0.016109160260963984,
    -0.017808407926857783,
    -0.03479284051029874,
    -0.0498111417108682,
    -0.0787540796584173,
    -0.09759560895538,
    -0.15385714179425347,
    -0.18974168980736272,
    -0.2521982039962898,
    -0.3322762128751253,
    -0.41634740595585074,
    -0.513137331948718,
    -0.5991226515017686,
    -0.6845597123020872,
    -0.76465432809879,
    -0.8372903558130564,
    -0.8814832683437686,
    -0.9105824156649691
  ]
}