{
  "gamma": 0.01,
  "alphas": [
    1.0,
    0.7,
    0.5,
    0.3,
    0.1,
    0.0
  ],
  "meanF": [
    0.4311963646354027,
    0.46307713171791726,
    0.48663272684058645,
    0.5177785467351924,
    0.5485727000384791,
    0.5710007312188782
  ],
  "meanNoiseOps": [
    1.019,
    0.931,
    0.868,
    0.794,
    0.7285,
    0.6875
  ],
  "S_protect": 32,
  "S_total": 102,
  "frac_protect": 0.3137254901960784,
  "protect_source": {
    "mode": "topc",
    "top_cells": 5,
    "chosen": [
      [
        0.7220163718618311,
        2,
        4,
        2,
        48,
        30
      ],
      [
        0.7189479480811367,
        1,
        1,
        1,
        12,
        5
      ],
      [
        0.7186912650876525,
        2,
        3,
        2,
        36,
        25
      ],
      [
        0.7180668616749066,
        2,
        5,
        2,
        59,
        32
      ],
      [
        0.7180668616749066,
        2,
        6,
        2,
        72,
        32
      ]
    ]
  }
}