{
  "mode": "topc",
  "top_cells": 5,
  "chosen": [
    [
      0.7220163718618311,
      2,
      4,
      2,
      48,
      30
    ],
    [
      0.7189479480811367,
      1,
      1,
      1,
      12,
      5
    ],
    [
      0.7186912650876525,
      2,
      3,
      2,
      36,
      25
    ],
    [
      0.7180668616749066,
      2,
      5,
      2,
      59,
      32
    ],
    [
      0.7180668616749066,
      2,
      6,
      2,
      72,
      32
    ]
  ]
}